division,rank,name,profile_link
Men's Pound-for-PoundTop Rank,0,Islam Makhachev,https://www.ufc.com/athlete/islam-makhachev
Men's Pound-for-PoundTop Rank,1,Islam Makhachev,https://www.ufc.com/athlete/islam-makhachev
Men's Pound-for-PoundTop Rank,2,Ilia Topuria,https://www.ufc.com/athlete/ilia-topuria
Men's Pound-for-PoundTop Rank,3,Merab Dvalishvili,https://www.ufc.com/athlete/merab-dvalishvili
Men's Pound-for-PoundTop Rank,4,Khamzat Chimaev,https://www.ufc.com/athlete/khamzat-chimaev
Men's Pound-for-PoundTop Rank,5,Alexandre Pantoja,https://www.ufc.com/athlete/alexandre-pantoja
Men's Pound-for-PoundTop Rank,6,Alex Pereira,https://www.ufc.com/athlete/alex-pereira
Men's Pound-for-PoundTop Rank,7,Alexander Volkanovski,https://www.ufc.com/athlete/alexander-volkanovski
Men's Pound-for-PoundTop Rank,8,Tom Aspinall,https://www.ufc.com/athlete/tom-aspinall
Men's Pound-for-PoundTop Rank,9,Dricus Du Plessis,https://www.ufc.com/athlete/dricus-du-plessis
Men's Pound-for-PoundTop Rank,10,Max Holloway,https://www.ufc.com/athlete/max-holloway
Men's Pound-for-PoundTop Rank,11,Jack Della Maddalena,https://www.ufc.com/athlete/jack-della-maddalena
Men's Pound-for-PoundTop Rank,12,Magomed Ankalaev,https://www.ufc.com/athlete/magomed-ankalaev
Men's Pound-for-PoundTop Rank,13,Arman Tsarukyan,https://www.ufc.com/athlete/arman-tsarukyan
Men's Pound-for-PoundTop Rank,14,Charles Oliveira,https://www.ufc.com/athlete/charles-oliveira
Men's Pound-for-PoundTop Rank,15,Belal Muhammad,https://www.ufc.com/athlete/belal-muhammad
Flyweight,0,Alexandre Pantoja,https://www.ufc.com/athlete/alexandre-pantoja
Flyweight,1,Joshua Van,https://www.ufc.com/athlete/joshua-van
Flyweight,2,Brandon Moreno,https://www.ufc.com/athlete/brandon-moreno
Flyweight,3,Brandon Royval,https://www.ufc.com/athlete/brandon-royval
Flyweight,4,Amir Albazi,https://www.ufc.com/athlete/amir-albazi
Flyweight,5,Tatsuro Taira,https://www.ufc.com/athlete/tatsuro-taira
Flyweight,6,Manel Kape,https://www.ufc.com/athlete/manel-kape
Flyweight,7,Asu Almabayev,https://www.ufc.com/athlete/assu-almabayev
Flyweight,8,Kyoji Horiguchi,https://www.ufc.com/athlete/kyoji-horiguchi
Flyweight,9,Tim Elliott,https://www.ufc.com/athlete/tim-elliott
Flyweight,10,Steve Erceg,https://www.ufc.com/athlete/steve-erceg
Flyweight,11,Alex Perez,https://www.ufc.com/athlete/alex-perez
Flyweight,12,Tagir Ulanbekov,https://www.ufc.com/athlete/tagir-ulanbekov
Flyweight,13,Charles Johnson,https://www.ufc.com/athlete/charles-johnson
Flyweight,14,Bruno Silva,https://www.ufc.com/athlete/bruno-silva
Flyweight,15,Lone’er Kavanagh,https://www.ufc.com/athlete/loneer-kavanagh
Bantamweight,0,Merab Dvalishvili,https://www.ufc.com/athlete/merab-dvalishvili
Bantamweight,1,Umar Nurmagomedov,https://www.ufc.com/athlete/umar-nurmagomedov
Bantamweight,2,Sean O'Malley,https://www.ufc.com/athlete/sean-omalley
Bantamweight,3,Petr Yan,https://www.ufc.com/athlete/petr-yan
Bantamweight,4,Cory Sandhagen,https://www.ufc.com/athlete/cory-sandhagen
Bantamweight,5,Song Yadong,https://www.ufc.com/athlete/yadong-song
Bantamweight,6,Deiveson Figueiredo,https://www.ufc.com/athlete/deiveson-figueiredo
Bantamweight,7,Aiemann Zahabi,https://www.ufc.com/athlete/aiemann-zahabi
Bantamweight,8,Marlon Vera,https://www.ufc.com/athlete/marlon-vera
Bantamweight,9,Mario Bautista,https://www.ufc.com/athlete/mario-bautista
Bantamweight,10,Henry Cejudo,https://www.ufc.com/athlete/henry-cejudo
Bantamweight,11,David Martinez,https://www.ufc.com/athlete/david-martinez
Bantamweight,12,Rob Font,https://www.ufc.com/athlete/rob-font
Bantamweight,13,Vinicius Oliveira,https://www.ufc.com/athlete/vinicius-oliveira
Bantamweight,14,Kyler Phillips,https://www.ufc.com/athlete/kyler-phillips
Bantamweight,15,Marcus McGhee,https://www.ufc.com/athlete/marcus-mcghee
Featherweight,0,Alexander Volkanovski,https://www.ufc.com/athlete/alexander-volkanovski
Featherweight,1,Movsar Evloev,https://www.ufc.com/athlete/movsar-evloev
Featherweight,2,Diego Lopes,https://www.ufc.com/athlete/diego-lopes
Featherweight,3,Yair Rodriguez,https://www.ufc.com/athlete/yair-rodriguez
Featherweight,4,Lerone Murphy,https://www.ufc.com/athlete/lerone-murphy
Featherweight,5,Aljamain Sterling,https://www.ufc.com/athlete/aljamain-sterling
Featherweight,6,Arnold Allen,https://www.ufc.com/athlete/arnold-allen
Featherweight,7,Youssef Zalal,https://www.ufc.com/athlete/youssef-zalal
Featherweight,8,Steve Garcia,https://www.ufc.com/athlete/steve-garcia
Featherweight,9,Brian Ortega,https://www.ufc.com/athlete/brian-ortega
Featherweight,10,Josh Emmett,https://www.ufc.com/athlete/josh-emmett
Featherweight,11,Jean Silva,https://www.ufc.com/athlete/jean-silva
Featherweight,12,Patricio Pitbull,https://www.ufc.com/athlete/patricio-pitbull-freire
Featherweight,13,Dan Ige,https://www.ufc.com/athlete/dan-ige
Featherweight,14,David Onama,https://www.ufc.com/athlete/david-onama
Featherweight,15,Giga Chikadze,https://www.ufc.com/athlete/giga-chikadze
Lightweight,0,Ilia Topuria,https://www.ufc.com/athlete/ilia-topuria
Lightweight,1,Arman Tsarukyan,https://www.ufc.com/athlete/arman-tsarukyan
Lightweight,2,Charles Oliveira,https://www.ufc.com/athlete/charles-oliveira
Lightweight,3,Max Holloway,https://www.ufc.com/athlete/max-holloway
Lightweight,4,Justin Gaethje,https://www.ufc.com/athlete/justin-gaethje
Lightweight,5,Paddy Pimblett,https://www.ufc.com/athlete/paddy-pimblett
Lightweight,6,Dan Hooker,https://www.ufc.com/athlete/dan-hooker
Lightweight,7,Mateusz Gamrot,https://www.ufc.com/athlete/mateusz-gamrot
Lightweight,8,Benoît Saint Denis,https://www.ufc.com/athlete/benoit-saint-denis
Lightweight,9,Rafael Fiziev,https://www.ufc.com/athlete/rafael-fiziev
Lightweight,10,Renato Moicano,https://www.ufc.com/athlete/renato-moicano
Lightweight,11,Michael Chandler,https://www.ufc.com/athlete/michael-chandler
Lightweight,12,Beneil Dariush,https://www.ufc.com/athlete/beneil-dariush
Lightweight,13,Grant Dawson,https://www.ufc.com/athlete/grant-dawson
Lightweight,14,Mauricio Ruffy,https://www.ufc.com/athlete/mauricio-ruffy
Lightweight,15,Ignacio Bahamondes,https://www.ufc.com/athlete/ignacio-bahamondes
Welterweight,0,Islam Makhachev,https://www.ufc.com/athlete/islam-makhachev
Welterweight,1,Jack Della Maddalena,https://www.ufc.com/athlete/jack-della-maddalena
Welterweight,2,Ian Machado Garry,https://www.ufc.com/athlete/ian-garry
Welterweight,3,Shavkat Rakhmonov,https://www.ufc.com/athlete/shavkat-rakhmonov
Welterweight,4,Michael Morales,https://www.ufc.com/athlete/michael-morales
Welterweight,5,Belal Muhammad,https://www.ufc.com/athlete/belal-muhammad
Welterweight,6,Carlos Prates,https://www.ufc.com/athlete/carlos-prates
Welterweight,7,Sean Brady,https://www.ufc.com/athlete/sean-brady
Welterweight,8,Kamaru Usman,https://www.ufc.com/athlete/kamaru-usman
Welterweight,9,Leon Edwards,https://www.ufc.com/athlete/leon-edwards
Welterweight,10,Joaquin Buckley,https://www.ufc.com/athlete/joaquin-buckley
Welterweight,11,Gabriel Bonfim,https://www.ufc.com/athlete/gabriel-bonfim
Welterweight,12,Gilbert Burns,https://www.ufc.com/athlete/gilbert-burns
Welterweight,13,Colby Covington,https://www.ufc.com/athlete/colby-covington
Welterweight,14,Geoff Neal,https://www.ufc.com/athlete/geoff-neal
Welterweight,15,Daniel Rodriguez,https://www.ufc.com/athlete/daniel-rodriguez
Middleweight,0,Khamzat Chimaev,https://www.ufc.com/athlete/khamzat-chimaev
Middleweight,1,Dricus Du Plessis,https://www.ufc.com/athlete/dricus-du-plessis
Middleweight,2,Nassourdine Imavov,https://www.ufc.com/athlete/nassourdine-imavov
Middleweight,3,Sean Strickland,https://www.ufc.com/athlete/sean-strickland
Middleweight,4,Anthony Hernandez,https://www.ufc.com/athlete/anthony-hernandez
Middleweight,5,Brendan Allen,https://www.ufc.com/athlete/brendan-allen
Middleweight,6,Israel Adesanya,https://www.ufc.com/athlete/israel-adesanya
Middleweight,7,Caio Borralho,https://www.ufc.com/athlete/caio-borralho
Middleweight,8,Reinier de Ridder,https://www.ufc.com/athlete/reinier-de-ridder
Middleweight,9,Robert Whittaker,https://www.ufc.com/athlete/robert-whittaker
Middleweight,10,Jared Cannonier,https://www.ufc.com/athlete/jared-cannonier
Middleweight,10,Michael Page,https://www.ufc.com/athlete/michael-page
Middleweight,12,Roman Dolidze,https://www.ufc.com/athlete/roman-dolidze
Middleweight,13,Paulo Costa,https://www.ufc.com/athlete/paulo-costa
Middleweight,14,Marvin Vettori,https://www.ufc.com/athlete/marvin-vettori
Middleweight,15,Gregory Rodrigues,https://www.ufc.com/athlete/gregory-rodrigues
Light Heavyweight,0,Alex Pereira,https://www.ufc.com/athlete/alex-pereira
Light Heavyweight,1,Jiří Procházka,https://www.ufc.com/athlete/jiri-prochazka
Light Heavyweight,1,Magomed Ankalaev,https://www.ufc.com/athlete/magomed-ankalaev
Light Heavyweight,3,Carlos Ulberg,https://www.ufc.com/athlete/carlos-ulberg
Light Heavyweight,4,Khalil Rountree Jr.,https://www.ufc.com/athlete/khalil-rountree-jr
Light Heavyweight,5,Jan Błachowicz,https://www.ufc.com/athlete/jan-blachowicz
Light Heavyweight,6,Jamahal Hill,https://www.ufc.com/athlete/jamahal-hill
Light Heavyweight,7,Azamat Murzakanov,https://www.ufc.com/athlete/azamat-murzakanov
Light Heavyweight,8,Dominick Reyes,https://www.ufc.com/athlete/dominick-reyes
Light Heavyweight,9,Volkan Oezdemir,https://www.ufc.com/athlete/volkan-oezdemir
Light Heavyweight,10,Aleksandar Rakić,https://www.ufc.com/athlete/aleksandar-rakic
Light Heavyweight,11,Bogdan Guskov,https://www.ufc.com/athlete/bogdan-guskov
Light Heavyweight,12,Johnny Walker,https://www.ufc.com/athlete/johnny-walker
Light Heavyweight,13,Nikita Krylov,https://www.ufc.com/athlete/nikita-krylov
Light Heavyweight,14,Zhang Mingyang,https://www.ufc.com/athlete/zhang-mingyang
Light Heavyweight,15,Alonzo Menifield,https://www.ufc.com/athlete/alonzo-menifield
Heavyweight,0,Tom Aspinall,https://www.ufc.com/athlete/tom-aspinall
Heavyweight,1,Ciryl Gane,https://www.ufc.com/athlete/ciryl-gane
Heavyweight,2,Alexander Volkov,https://www.ufc.com/athlete/alexander-volkov
Heavyweight,3,Sergei Pavlovich,https://www.ufc.com/athlete/sergei-pavlovich
Heavyweight,4,Curtis Blaydes,https://www.ufc.com/athlete/curtis-blaydes
Heavyweight,5,Waldo Cortes Acosta,https://www.ufc.com/athlete/waldo-cortes-acosta
Heavyweight,6,Jailton Almeida,https://www.ufc.com/athlete/jailton-almeida
Heavyweight,7,Serghei Spivac,https://www.ufc.com/athlete/serghei-spivac
Heavyweight,8,Derrick Lewis,https://www.ufc.com/athlete/derrick-lewis
Heavyweight,9,Ante Delija,https://www.ufc.com/athlete/ante-delija
Heavyweight,10,Marcin Tybura,https://www.ufc.com/athlete/marcin-tybura
Heavyweight,11,Shamil Gaziev,https://www.ufc.com/athlete/shamil-gaziev
Heavyweight,12,Tai Tuivasa,https://www.ufc.com/athlete/tai-tuivasa
Heavyweight,13,Mick Parkin,https://www.ufc.com/athlete/mick-parkin
Heavyweight,14,Valter Walker,https://www.ufc.com/athlete/valter-walker
Heavyweight,15,Tallison Teixeira,https://www.ufc.com/athlete/tallison-teixeira
Women's Pound-for-PoundTop Rank,0,Valentina Shevchenko,https://www.ufc.com/athlete/valentina-shevchenko
Women's Pound-for-PoundTop Rank,1,Valentina Shevchenko,https://www.ufc.com/athlete/valentina-shevchenko
Women's Pound-for-PoundTop Rank,2,Kayla Harrison,https://www.ufc.com/athlete/kayla-harrison
Women's Pound-for-PoundTop Rank,3,Zhang Weili,https://www.ufc.com/athlete/weili-zhang
Women's Pound-for-PoundTop Rank,4,Natalia Silva,https://www.ufc.com/athlete/natalia-silva
Women's Pound-for-PoundTop Rank,5,Mackenzie Dern,https://www.ufc.com/athlete/mackenzie-dern
Women's Pound-for-PoundTop Rank,6,Manon Fiorot,https://www.ufc.com/athlete/manon-fiorot
Women's Pound-for-PoundTop Rank,7,Erin Blanchfield,https://www.ufc.com/athlete/erin-blanchfield
Women's Pound-for-PoundTop Rank,8,Julianna Peña,https://www.ufc.com/athlete/julianna-pena
Women's Pound-for-PoundTop Rank,9,Alexa Grasso,https://www.ufc.com/athlete/alexa-grasso
Women's Pound-for-PoundTop Rank,10,Virna Jandiroba,https://www.ufc.com/athlete/virna-jandiroba
Women's Pound-for-PoundTop Rank,11,Raquel Pennington,https://www.ufc.com/athlete/raquel-pennington
Women's Pound-for-PoundTop Rank,12,Tatiana Suarez,https://www.ufc.com/athlete/tatiana-suarez
Women's Pound-for-PoundTop Rank,13,Rose Namajunas,https://www.ufc.com/athlete/rose-namajunas
Women's Pound-for-PoundTop Rank,14,Yan Xiaonan,https://www.ufc.com/athlete/xiaonan-yan
Women's Pound-for-PoundTop Rank,15,Norma Dumont,https://www.ufc.com/athlete/norma-dumont
Women's Strawweight,0,Mackenzie Dern,https://www.ufc.com/athlete/mackenzie-dern
Women's Strawweight,1,Zhang Weili,https://www.ufc.com/athlete/weili-zhang
Women's Strawweight,2,Tatiana Suarez,https://www.ufc.com/athlete/tatiana-suarez
Women's Strawweight,3,Virna Jandiroba,https://www.ufc.com/athlete/virna-jandiroba
Women's Strawweight,4,Yan Xiaonan,https://www.ufc.com/athlete/xiaonan-yan
Women's Strawweight,5,Amanda Lemos,https://www.ufc.com/athlete/amanda-lemos
Women's Strawweight,6,Loopy Godinez,https://www.ufc.com/athlete/loopy-godinez
Women's Strawweight,7,Iasmin Lucindo,https://www.ufc.com/athlete/iasmin-lucindo
Women's Strawweight,8,Tabatha Ricci,https://www.ufc.com/athlete/tabatha-ricci
Women's Strawweight,9,Jéssica Andrade,https://www.ufc.com/athlete/jessica-andrade
Women's Strawweight,10,Gillian Robertson,https://www.ufc.com/athlete/gillian-robertson
Women's Strawweight,11,Amanda Ribas,https://www.ufc.com/athlete/amanda-ribas
Women's Strawweight,12,Fatima Kline,https://www.ufc.com/athlete/fatima-kline
Women's Strawweight,13,Denise Gomes,https://www.ufc.com/athlete/denise-gomes
Women's Strawweight,14,Angela Hill,https://www.ufc.com/athlete/angela-hill
Women's Strawweight,15,Alexia Thainara,https://www.ufc.com/athlete/alexia-thainara
Women's Flyweight,0,Valentina Shevchenko,https://www.ufc.com/athlete/valentina-shevchenko
Women's Flyweight,1,Manon Fiorot,https://www.ufc.com/athlete/manon-fiorot
Women's Flyweight,2,Natalia Silva,https://www.ufc.com/athlete/natalia-silva
Women's Flyweight,3,Alexa Grasso,https://www.ufc.com/athlete/alexa-grasso
Women's Flyweight,4,Erin Blanchfield,https://www.ufc.com/athlete/erin-blanchfield
Women's Flyweight,5,Maycee Barber,https://www.ufc.com/athlete/maycee-barber
Women's Flyweight,6,Rose Namajunas,https://www.ufc.com/athlete/rose-namajunas
Women's Flyweight,7,Jasmine Jasudavicius,https://www.ufc.com/athlete/jasmine-jasudavicius
Women's Flyweight,8,Tracy Cortez,https://www.ufc.com/athlete/tracy-cortez
Women's Flyweight,9,Karine Silva,https://www.ufc.com/athlete/karine-silva
Women's Flyweight,10,Miranda Maverick,https://www.ufc.com/athlete/miranda-maverick
Women's Flyweight,11,Casey O'Neill,https://www.ufc.com/athlete/casey-oneill
Women's Flyweight,12,Wang Cong,https://www.ufc.com/athlete/wang-cong
Women's Flyweight,13,Eduarda Moura,https://www.ufc.com/athlete/eduarda-moura
Women's Flyweight,14,JJ Aldrich,https://www.ufc.com/athlete/jj-aldrich
Women's Flyweight,15,Gabriella Fernandes,https://www.ufc.com/athlete/gabriella-fernandes
Women's Bantamweight,0,Kayla Harrison,https://www.ufc.com/athlete/kayla-harrison
Women's Bantamweight,1,Julianna Peña,https://www.ufc.com/athlete/julianna-pena
Women's Bantamweight,2,Raquel Pennington,https://www.ufc.com/athlete/raquel-pennington
Women's Bantamweight,3,Norma Dumont,https://www.ufc.com/athlete/norma-dumont
Women's Bantamweight,4,Ketlen Vieira,https://www.ufc.com/athlete/ketlen-vieira
Women's Bantamweight,5,Yana Santos,https://www.ufc.com/athlete/yana-santos
Women's Bantamweight,6,Irene Aldana,https://www.ufc.com/athlete/irene-aldana
Women's Bantamweight,7,Macy Chiasson,https://www.ufc.com/athlete/macy-chiasson
Women's Bantamweight,8,Ailin Perez,https://www.ufc.com/athlete/ailin-perez
Women's Bantamweight,9,Karol Rosa,https://www.ufc.com/athlete/karol-rosa
Women's Bantamweight,10,Jacqueline Cavalcanti,https://www.ufc.com/athlete/jacqueline-cavalcanti
Women's Bantamweight,11,Mayra Bueno Silva,https://www.ufc.com/athlete/mayra-bueno-silva
Women's Bantamweight,12,Nora Cornolle,https://www.ufc.com/athlete/nora-cornolle
Women's Bantamweight,13,Miesha Tate,https://www.ufc.com/athlete/miesha-tate
Women's Bantamweight,14,Joselyne Edwards,https://www.ufc.com/athlete/joselyne-edwards
Women's Bantamweight,15,Luana Santos,https://www.ufc.com/athlete/luana-santos
